{"access_token": "ya29.Glz9BuGuBaGKQYRRDrjy8tTG313UhGv5Dhb4ro--ZR6-HnM04Goasv5ZAXmFR98oA6Oq1O-dniZfD7YFwdLgiGvQTnOaY4_vY14rdaxKgQ-wKgGMeCKmVeDgXhcWXQ", "client_id": "345359965006-26ec322do3paptuknajf8punpu69tv54.apps.googleusercontent.com", "client_secret": "00md22SNeVcX6Keg0zM8Olv-", "refresh_token": "1/JjQLTODY380-YPjbpOlOJmOIRLglKn7yYxQQnAm5KN0", "token_expiry": "2019-05-02T12:59:48Z", "token_uri": "https://oauth2.googleapis.com/token", "user_agent": null, "revoke_uri": "https://oauth2.googleapis.com/revoke", "id_token": null, "id_token_jwt": null, "token_response": {"access_token": "ya29.Glz9BuGuBaGKQYRRDrjy8tTG313UhGv5Dhb4ro--ZR6-HnM04Goasv5ZAXmFR98oA6Oq1O-dniZfD7YFwdLgiGvQTnOaY4_vY14rdaxKgQ-wKgGMeCKmVeDgXhcWXQ", "expires_in": 3600, "scope": "https://www.googleapis.com/auth/spreadsheets.readonly", "token_type": "Bearer"}, "scopes": ["https://www.googleapis.com/auth/spreadsheets.readonly"], "token_info_uri": "https://oauth2.googleapis.com/tokeninfo", "invalid": false, "_class": "OAuth2Credentials", "_module": "oauth2client.client"}